ID	Category	EN	DE	ES	FR	IT	PT	CA	EO	IA	txt_de	txt_es	txt_fr	txt_it	txt_pt	txt_en	txt_ca	txt_eo	txt_ia	Level
06946	Quotes	A journey of a thousand miles must begin with a single step. (Lao Tzu)	Eine Reise von tausend Meilen beginnt immer mit dem ersten Schritt. (Lao Tse)	Un viaje de mil millas debe comenzar siempre con un solo paso. (Lao Tse)	Un voyage de mille lieues doit toujours commencer par un premier pas. (Lao Tseu)	Un viaggio di mille miglia inizia sempre con un singolo passo. (Lao Tzeu)	Uma viagem de mil milhas deve começar sempre pelo primeiro  passo. (Lao Tzu)	Un viatge de mil milles ha de començar amb un sol pas. (Lao Tse)	Vojaĝo de mil mejloj devas komenciĝi per unu paŝo. (Lao-Cio)	Un viage de mille millias debe comenciar con un singule passo. (Lao Tzu)										20
08766	Quotes	Always laugh when you can. It is cheap medicine. [Lord Byron]	Lache immer sooft du kannst. Es ist günstige Medizin 	Ríete siempre que puedas. Al fin y al cabo es un remedio barato. 	Riez toujours quand vous le pouvez. C'est un médicament pas cher. 	Ridi sempre quando ti è possibile. È una medicina economica. 	Ria sempre que puder. É um remédio barato 	Rigui sempre que pugui. És una medicina barata.	Ridu ĉiam, kiam vi povas. Ĝi estas malmultekosta medicino.	Ride sempre quando tu pote. Illo es un remedio bon mercato. [Lord Byron]										20
08767	Quotes	The good physician treats the disease; the great physician treats the patient who has the disease. [William Osler]	Der gute Arzt behandelt die Krankheit, der großartige Arzt behandelt den Patienten der die Krankheit hat. 	El buen médico trata la enfermedad; el gran médico trata al paciente que tiene la enfermedad. 	Un bon médecin traite la maladie; un médecin exceptionnel traite le patient qui a la maladie. 	Il dottore bravo cura la malattia; il dottore eccezionale cura il paziente che ha la malattia. 	O bom médico trata a doença. O grande médico trata o paciente que tem a doença. 	El bon metge tracta la malaltia; el gran metge tracta el pacient que té la malaltia.	La bona kuracisto traktas la malsanon; la granda kuracisto traktas la pacienton, kiu havas la malsanon.	Le bon medico tracta le maladia; le grande medico tracta le patiente qui ha le maladia. [William Osler]										20
08768	Parts of the Body	The Muscular System	die Muskulatur	El sistema muscular	Le système musculaire	Il sistema muscolare	o sistema muscular	El sistema muscular	La muskola sistemo	Le systema muscular										20
08769	Quotes	The wish for healing has always been half of health. [Lucius Annaeus Seneca]	Der Wunsch, geheilt zu werden, war schon immer die Hälfte zur Genesung. 	El deseo de curación ha sido siempre la mitad de la salud. 	Le désir de guérir a toujours constitué la moitié de la santé. 	Il desiderio di guarire è sempre stato metà della salute. 	É parte da cura o desejo de ser curado.    (lit. O desejo da cura sempre foi metade da saúde.)	El desig de guarir-se sempre ha estat la meitat de la salut.	La deziro resaniĝi ĉiam estis duono de la sano.	Le desiro de curation ha sempre essite le medietate del sanitate. [Lucius Annaeus Seneca]										20
08770	Quotes	Good health is not something we can buy. However, it can be an extremely valuable savings account. [Anne Wilson Schaef]	Gesund sein kann man nicht kaufen. Trotzdem kann es ein sehr wertvolles Sparkonto sein. 	La buena salud no es algo que podemos comprar. Sin embargo, puede ser una cuenta de ahorros muy valiosa. 	La santé n'est pas quelque chose que l'on peut acheter. Cependant, elle peut être un compte épargne d'une très grande valeur. 	La salute non è qualcosa che possiamo comprare. Tuttavia, può essere un conto risparmio di grandissimo valore. 	Boa saúde não é algo que possamos comprar. Entretanto, ela pode ser uma poupança extremamente valiosa.   	La bona salut no és una cosa que puguem comprar. No obstant això, pot ser un compte d'estalvis extremadament valuós.	Bona sano ne estas io, kion ni povas aĉeti. Tamen, ĝi povas esti ekstreme valora ŝparkonto.	Bon sanitate non es qualcosa que nos pote comprar. Totevia, illo pote esser un conto de sparnio extrememente valorose. [Anne Wilson Schaef]										20
08771	Quotes	It is health that is real wealth and not pieces of gold and silver. [Mahatma Gandhi]	Es ist die Gesundheit, die der wahre Reichtum ist, nicht Gold- oder Silberstücke.	La salud es la verdadera riqueza y no las piezas de oro y plata. 	C'est la santé qui est la véritable richesse, et non l'or et l'argent. 	È la salute la vera ricchezza e non gli oggetti in oro o in argento. 	A saúde é a riqueza real, e não peças de ouro e prata. 	La salut és la riquesa real, i no les peces d'or i plata.	Sano estas la vera riĉeco, ne pecoj de oro kaj arĝento.	Es le sanitate que es le ricchessa real, e non pecias de auro e argento. [Mahatma Gandhi]										20
08772	Quotes	Sleeping comes so naturally to me, I could do it with my eyes closed.	Der Schlafen ist bei mir so selbstverständlich, dass ich es mit geschlossenen Augen tun könnte.	Dormir es tan natural para mi que lo podría hacer con los ojos cerrados. 	Le sommeil me vient si naturellement que je pourrais le faire les yeux fermés.	Dormire mi viene così bene che potrei farlo a occhi chiusi.	Dormir é uma coisa tão natural pra mim, eu poderia fazê-lo de olhos fechados.	Dormir em surt tan naturalment, que podria fer-ho amb els ulls tancats.	Dormado venas tiel nature al mi, mi povus fari ĝin kun fermitaj okuloj.	Dormir veni si naturalmente a me que io poterea facer lo con mi oculos claudite.										20
08773	Quotes	There must be some truth behind acupuncture... I've never seen a sick hedgehog!	Irgendetwas Wahres muss hinter der Akupunktur stecken... Ich habe noch nie einen kranken Igel gesehen!	Debe haber algo de verdad detrás de la acupuntura... ¡nunca he visto un erizo enfermo!	Il doit y avoir quelque chose de vrai dans l'acupuncture... On n'a jamais vu un hérisson malade ! 	Deve esserci qualcosa di vero nell'agopuntura... Non ho mai visto un riccio malato!	Deve haver alguma verdade na acupuntura... Nunca vi porco-espinho doente! 	Hi ha d'haver alguna veritat darrere de l'acupuntura... Mai no he vist un eriçó malalt!	Devas esti ia vero malantaŭ akupunkturo... Mi neniam vidis malsanan erinacon!	Il debe haber alicun veritate detra le acupunctura... io ha nunquam vidite un ericio malade!										20
08774	Quotes	From your confessor, lawyer and physician, hide not your case on no condition. [John Harington]	Verstecke unter keinen Umständen deinen Zustand vor deinem Beichtvater, Rechtsanwalt oder Arzt. 	En ningún caso debes ocultar tu caso de tu confesor, abogado y medico. 	Sous aucune condition, tu ne dois cacher ton état à ton confesseur, ton avocat et ton médecin. 	In nessun caso devi nascondere la tua condizione al confessore, all'avvocato e al dottore. 	Em nenhum caso você deve esconder a sua condição de seu confessor, advogado e médico. 	Del teu confessor, advocat i metge, no amaguis el teu cas sota cap condició.	De via konfesanto, advokato kaj kuracisto, ne kaŝu vian kazon sub neniu kondiĉo.	In nulle caso debe tu celar tu caso a tu confessor, advocato e medico. [John Harington]										20
08775	Quotes	Natural forces within us are the true healers of disease. [Hippocrates]	In uns schlummernde natürliche Kräfte sind die wahren Heiler der Krankheit. 	Las fuerzas naturales dentro de nosotros son los verdaderos curanderos de la enfermedad.  	Les forces naturelles qui se trouvent en nous sont les véritables guérisseurs de la maladie. 	Le forze naturali dentro di noi sono i veri guaritori della malattia. 	As forças naturais que se encontram dentro de nós são os verdadeiros responsáveis pela cura das doenças.  	Les forces naturals que tenim a dins són les veritables guaridores de la malaltia.	Naturaj fortoj en ni estas la veraj sanigantoj de malsano.	Le fortias natural intra nos es le ver curatores del maladia. [Hippocrates]										20
08776	Quotes	The brain is the most important organ of the body, according to the brain.	Das Gehirn ist das wichtigste Organ des Körpers; dem Gehirn zufolge.	El cerebro es el órgano más importante del cuerpo, según el cerebro. 	Le cerveau est l'organe le plus important dans le corps, selon le cerveau.	Il cervello è l'organo più importante del corpo, secondo il cervello.	O cérebro é o órgão mais importante do corpo, de acordo com o cérebro. 	El cervell és l'òrgan més important del cos, segons el cervell.	La cerbo estas la plej grava organo de la korpo, laŭ la cerbo.	Le cerebro es le organo le plus importante del corpore, secundo le cerebro.										20
08777	Quotes	Why do they call it proctology? Is it because analogy was already taken?	Warum nennt man Proktologie, Proktologie? Ist es weil Analogie bereits vergeben war?	¿Porqué lo llaman proctología? ¿Es porque la palabra analogía ya estaba en uso?	Pourquoi on appelle ça la proctologie? C'est parce que le mot analogie était déjà pris?	Perché si dice proctologia? Forse perché la parola analogia era già stata presa?	Por quê chamamos isso de proctologia? É porque a palavra «analogia» já tinha sido utilizada?	Per què en diuen proctologia? És perquè analogia ja estava agafat?	Kial oni nomas ĝin proktologio? Ĉu ĉar analogio jam estis prenita?	Proque illes lo appella proctologia? Esque es proque le parola analogia esseva jam in uso?										20
08778	Quotes	Age is a very high price to pay for maturity. [Tom Stoppard]	Alter ist ein verdammt hoher Preis, den wir für Reife bezahlen. 	La edad es un precio demasiado alto a pagar por la madurez. 	L'âge est un prix très fort à payer pour la maturité. 	L'età è un prezzo altissimo da pagare per la maturità. 	A idade é um preço alto que você paga pela maturidade. 	L'edat és un preu molt alt a pagar per la maduresa.	Aĝo estas tre alta prezo pagenda por matureco.	Le etate es un precio troppo alte a pagar pro le maturitate. [Tom Stoppard]										20
08779	Quotes	The best way to cheer yourself up is to try to cheer somebody else up. [Mark Twain]	Der beste Weg, sich selbst eine Freude zu machen, ist: zu versuchen, einem andern eine Freude zu bereiten. 	La mejor manera de animarse a uno mismo es intentando animar a otra persona. 	La meilleure façon de se remonter le moral est d'essayer de remonter le moral de quelqu'un d'autre. 	Il miglior modo per stare allegri è cercare di rallegrare qualcun altro. 	A melhor maneira de animar-se é animando outra pessoa. 	La millor manera d'animar-se un mateix és intentar animar algú altre.	La plej bona maniero gajigi vin mem estas provi gajigi iun alian.	le melior maniera de animar te mesme es tentar animar alcuno altere. [Mark Twain]										20
08780	Quotes	Medicine is my lawful wife and literature my mistress; when I get tired of one, I spend the night with the other. [Anton Chekhov]	Die Medizin ist meine gesetzliche Ehefrau, die Literatur meine Geliebte. Wenn mir die eine auf die Nerven fällt, nächtige ich bei der anderen. 	La medicina es mi esposa legal y la literatura es mi amante; cuando me canso de una, paso la noche con la otra.  	La médecine est mon épouse et la littérature ma maîtresse; quand l'une me fatigue, je passe la nuit avec l'autre. 	La medicina è la mia legittima sposa, mentre la letteratura è la mia amante; quando mi stanco di una, passo la notte con l'altra. 	A medicina é minha esposa e a literatura é minha amante; quando me canso de uma, passo a noite com a outra. 	La medicina és la meva esposa legal i la literatura la meva amant; quan em canso d'una, passo la nit amb l'altra.	Medicino estas mia laŭleĝa edzino kaj literaturo mia amantino; kiam mi laciĝas de unu, mi pasigas la nokton kun la alia.	le medicina es mi sposa legitime e le litteratura es mi amante; quando io me fatiga de un, io passa le nocte con le altere. [Anton Chekhov]										20
08781	Quotes	A guy is walking past a big wooden fence at the insane asylum, and he hears all the residents inside chanting, «Thirteen! Thirteen! Thirteen!» Quite curious about this, he finds a hole in the fence and looks in. Someone inside pokes him in the eye. Then everyone inside the asylum starts chanting, «Fourteen! Fourteen! Fourteen!»	Ein Typ läuft entlang eines hölzernen Zauns in der Irrenanstalt und hört die PatientInnen singen «Dreizehn! Dreizehn! Dreizehn!» Neugierig geworden, sucht er ein Loch im Zaun und schaut hindurch. Da sticht ihm jemand auf der anderen Seite ein Finger ins Auge und alle fangen wieder an zu singen. Diesmal: «Vierzehn! Vierzehn! Vierzehn!»	Un hombre va caminando por una gran cerca de madera en el manicomio, y escucha los residentes cantando, «¡Trece, trece, trece!» Con mucha curiosidad, encuentra un agujero en la cerca y se asoma. Alguien al otro lado le da un golpe en el ojo. Luego, dentro del manicomio, todos comienzan a cantar, «¡Catorce, catorce, Catorce!»   	Un type marchait près d'une grande barrière en bois à l'asile de fous et il entendit tous les résidents à l'intérieur répéter: «Treize! Treize! Treize!» Très curieux, il trouva un trou dans la barrière et regarda à l'intérieur. Quelqu'un de l'intérieur lui mit le doigt dans l'oeil. Puis tout le monde à l'intérieur de l'asile se mit à répéter: «Quatorze! Quatorze! Quatorze!»	Un uomo sta camminando accanto al grande steccato di legno del manicomio e sente tutti gli ospiti dentro cantilenare «Tredici! Tredici! Tredici!». Molto incuriosito, trova un buco nello steccato e ci guarda attraverso. Qualcuno dall'altra parte gli infila un dito nell'occhio. Allora tutti nel manicomio iniziano a cantilenare «Quattordici! Quattordici! Quattordici!»	Um rapaz passa andando perto de uma grande cerca de madeira no manicômio, e escuta todos os residentes cantando «Treze! Treze! Treze!» Curioso, ele encontra um buraco na cerca e olha pra dentro. Alguém lá de dentro cutuca o seu olho com o dedo. E aí todos começam a cantar «Quatorze! Quatorze! Quatorze!»	Un home passa per davant d'una gran tanca de fusta en un manicomi i sent tots els residents a dins cantant: «Tretze! Tretze! Tretze!» Molt curiós, troba un forat a la tanca i mira a dins. Algú de dins li fica un dit a l'ull. Llavors tothom a dins del manicomi comença a cantar: «Catorze! Catorze! Catorze!»	Viro preterpasas grandan lignan barilon ĉe la frenezulejo, kaj li aŭdas ĉiujn loĝantojn interne kantantajn, «Dek tri! Dek tri! Dek tri!» Tre scivolema pri tio, li trovas truon en la barilo kaj enrigardas. Iu interne pikas lin en la okulon. Tiam ĉiuj interne de la frenezulejo komencas kanti, «Dek kvar! Dek kvar! Dek kvar!»	un homine cammina juxta un grande palissada de ligno al asylo de alienatos, e ille audi tote le residentes intra cantar: «dece-tres! dece-tres! dece-tres!» multo curiose, ille trova un foramine in le palissada e reguarda a intra. alicuno intra le punge in le oculo. postea omnes intra le asylo de alienatos comencia a cantar: «dece-quatro! dece-quatro! dece-quatro!»										20
08782	Quotes	Kindness and a generous spirit go a long way. And a sense of humor. It's like medicine - very healing. [Max Irons]	Freundlichkeit und ein großzügiger Geist erreichen sehr viel. Ebenso wie Humor. Er ist wie Medizin - sehr heilend. 	La bondad y un espíritu generoso recorre un largo camino. Y el sentido del humor. Es como medicina - muy sanador. 	La gentillesse et la générosité font des merveilles. Ainsi que le sens de l'humour. C'est comme un médicament: ça guérit vraiment. 	La gentilezza e uno spirito generoso fanno molto. E il senso dell'umorismo. È come una medicina: molto curativo. 	Bondade e um espírito generoso fazem milagres. Um bom senso de humor, também. É como um medicamento - cura de verdade. 	La bondat i un esperit generós arriben lluny. I el sentit de l'humor. És com una medicina, molt curativa.	Bonkoreco kaj malavara spirito iras longan vojon. Kaj sento de humuro. Ĝi estas kiel medicino - tre saniga.	Le bontate e un spirito generose va multo longe. E un senso de humor. Illo es como medicina: multo curative. [Max Irons]										20
08783	Quotes	Medicine is a science of uncertainty and an art of probability. [William Osler]	Medizin ist die Wissenschaft des Ungesicherten, die Kunst des Wahrscheinlichen. 	La medicina es una ciencia de la incertidumbre y un arte de la probabilidad. 	La médecine est la science de l'incertitude et l'art de la probabilité. 	La medicina è la scienza dell'incertezza e l'arte della probabilità. 	Medicina é uma ciência de incertezas e uma arte da probabilidade. 	La medicina és una ciència de la incertesa i un art de la probabilitat.	Medicino estas scienco de necerteco kaj arto de probablo.	Le medicina es un scientia de incertitude e un arte de probabilitate. [William Osler]										20
08784	Quotes	Let food be thy medicine and medicine be thy food. [Hippocrates]	Lass die Nahrung deine Medizin sein und Medizin deine Nahrung. 	Deja que tu alimento sea tu medicina, y que tu medicina sea tu alimento. 	Que ta nourriture soit ta médecine et ta médecine, ta nourriture. 	Fa che il cibo sia la tua medicina e che la medicina sia il tuo cibo. 	Que seu remédio seja seu alimento, e que seu alimento seja seu remédio. 	Que el teu aliment sigui la teva medicina i la teva medicina sigui el teu aliment.	Via manĝaĵo estu via medicino kaj via medicino estu via manĝaĵo.	Lassa que tu alimento sia tu medicina, e que tu medicina sia tu alimento. [Hippocrates]										20
08785	Quotes	The very first requirement in a hospital is that it should do the sick no harm. [Florence Nightingale]	Die erste Grundvoraussetzung eines Krankenhauses ist, einem Kranken kein Leid zuzufügen. 	El primer requisito en un hospital es no hacerle daño a los enfermos. 	 La toute première obligation d'un hôpital est qu'il ne devrait pas faire de mal aux malades 	Il primissimo requisito di un ospedale è che non dovrebbe fare del male ai malati. 	O primeiro requisito de um hospital é que ele não deve prejudicar o doente. 	El primer requisit en un hospital és que no ha de fer cap mal al malalt.	La unua postulo en hospitalo estas, ke ĝi ne faru malbonon al la malsanuloj.	Le prime requisito in un hospital es que illo non debe facer ulle mal al malades. [Florence Nightingale]										20
08786	Quotes	A hospital bed is a parked taxi with the meter running. [Groucho Marx]	Ein Krankenhausbett ist wie ein parkendes Taxi mit laufendem Taxameter. 	Una cama de hospital es un taxi estacionado con el metro andando. 	Un lit d'hôpital est un taxi garé dont le compteur tourne. 	Un letto d'ospedale è un taxi parcheggiato con il tassametro che va. 	Uma cama de hospital é um taxi estacionado com o taxímetro a correr. 	Un llit d'hospital és un taxi aparcat amb el taxímetre en marxa.	Hospitala lito estas parkumita taksio kun la taksimetro funkcianta.	Un lecto de hospital es un taxi parcate con le taximetro functionante. [Groucho Marx]										20
08787	Quotes	Healthy citizens are the greatest asset any country can have. [Winston S. Churchill]	Gesunde Bürger sind die beste Anlage, die ein Land haben kann. 	Ciudadanos sanos son el mejor activo que cualquier país puede tener. 	Des citoyens en bonne santé sont le plus grand atout que n'importe quel pays peut avoir. 	Dei cittadini sani sono la migliore risorsa che un paese possa avere.	Cidadãos saudáveis são o maior bem que qualquer país pode ter. 	Els ciutadans sans són l'actiu més gran que qualsevol país pot tenir.	Sanaj civitanoj estas la plej granda valoraĵo, kiun iu ajn lando povas havi.	Citatanos san es le plus grande activo que qualcunque pais pote haber. [Winston S. Churchill]										20
08788	Quotes	When I was in the hospital they gave me apple juice every morning, even after I told them I didn't like it. I had to get even. One morning, I poured the apple juice into the specimen tube. The nurse held it up and said, 'It's a little cloudy.' I took the tube from her and said, 'Let me run it through again,' and drank it. The nurse fainted. [Alan King]	Als ich im Krankenhaus war, gab man mir jeden Morgen Apfelsaft zu trinken, auch nachdem ich gesagt habe, dass ich ihn nicht mag. Ich musste mich rächen. Eines morgens goss ich den Apfelsaft in einen Probenbecher. Die Krankenschwester hielt es hoch und sagte: «Es ist ein bisschen trüb.» Ich nahm ihr den Probenbecher ab und sagte: «Ich werde es noch einmal runterspülen» und trank es aus. Die Krankenschwester ist zusammengebrochen. 	Cuando estaba en el hospital me daban jugo de manzana todos los días, incluso después de decirles que no me gustaba. Tuve que desquitarme. Una mañana transferí el jugo de manzana al tubo de muestra. La enfermera lo analizó y dijo, « Está un poco turbio.» Le quité el tubo y le dije, «Déjeme pasarlo una vez más» y me lo tomé. La enfermera  se desmayó. 	Quand j'étais à l'hôpital, ils m'ont donné du jus de pomme tous les matins, même après leur avoir dit que je détestais ça. Il fallait que je me venge. Un matin, j'ai versé le jus de pomme dans une éprouvette. L'infirmière l'a soulevée et a dit: «L'urine est un peu trouble». Je lui ai pris l'éprouvette en disant: «Je vais la repasser à l'intérieur»  puis je l'ai bue. L'infirmière s'est évanouie. 	Quando ero in ospedale mi davano del succo di mela tutte le mattine, anche dopo che gli dissi che non mi piaceva. Dovevo pareggiare i conti. Una mattina, versai il succo di mela nella provetta per il campione di urina. L'infermiera la prese e disse: «È un po' torbida». Le presi la provetta dalla mano e dissi: «Me la faccia rifiltrare», e la bevetti. L'infermiera svenne. 	Quando eu fui hospitalizado, me davam suco de maçã todas as manhãs, mesmo quando disse a eles que eu não gostava. Eu precisava me vingar. Um dia, coloquei o suco de maçã no tubo de urina. A enfermeira observou o líquido e disse: «está um pouco turvo». Eu disse «deixe-me repassar uma outra vez», e bebi o líquido. A enfermeira desmaiou. 	Quan era a l'hospital em donaven suc de poma cada matí, fins i tot després que els digués que no m'agradava. Havia de venjar-me. Un matí, vaig abocar el suc de poma al tub de la mostra. La infermera el va aixecar i va dir: «Està una mica tèrbol». Li vaig prendre el tub i vaig dir: «Deixa'm que el torni a filtrar», i me'l vaig beure. La infermera es va desmaiar.	Kiam mi estis en la hospitalo, oni donis al mi pom-sukon ĉiun matenon, eĉ post kiam mi diris al ili, ke mi ne ŝatas ĝin. Mi devis egaliĝi. Unu matenon, mi verŝis la pom-sukon en la specimenan tubon. La flegistino levis ĝin kaj diris, 'Ĝi estas iom nuba.' Mi prenis la tubon de ŝi kaj diris, 'Lasu min refiltri ĝin,' kaj trinkis ĝin. La flegistino svenis.	Quando io esseva in le hospital, illes me dava succo de pomo cata matino, mesmo post que io les habeva dicite que illo non me placeva. Io debeva vindicar me. Un matino, io versava le succo de pomo in le tubo de specimen. Le infirmera lo teneva in alto e diceva: «Illo es un poco turbide.» Io prendeva le tubo de illa e diceva: «Lassa me passar lo ancora un vice», e io lo bibeva. Le infirmera perdeva conscientia. [Alan King]										20
08789	Quotes	How very little can be done under the spirit of fear. [Florence Nightingale]	Wie wenig nur kann erreicht werden, unter dem Geist der Angst. 	Qué poco se puede hacer bajo el espíritu del temor. 	On accomplit très peu de choses sous le spectre de la peur. 	Quanto poco si può fare sotto lo spettro della paura. 	Muita pouca coisa pode ser feita sob o espectro do medo. 	Que poc que es pot fer sota l'esperit de la por.	Kiom malmulte oni povas fari sub la spirito de timo.	Quanto pauc se pote facer sub le spirito del timor. [Florence Nightingale]										20
08790	Quotes	Sleep is that golden chain that ties health and our bodies together. [Thomas Dekker]	Der Schlaf ist die goldene Kette, die die Gesundheit mit unserem Körper verbindet. 	El sueño es la cadena de oro que ata la salud y nuestros cuerpos. 	Le sommeil est cette chaîne en or qui connecte notre santé à nos corps. 	Il sonno è quella catena d'oro che lega la salute e il nostro corpo insieme. 	O sono é a corrente de ouro que conecta nossa saúde a nossos corpos. 	El son és aquella cadena d'or que uneix la salut i els nostres cossos.	Dormo estas tiu ora ĉeno, kiu kunligas sanon kaj niajn korpojn.	Le somno es ille catena auree que liga le sanitate e nostre corpores. [Thomas Dekker]										20
08791	Quotes	The power of community to create health is far greater than any physician, clinic or hospital. [Mark Hyman]	Die Kraft der Gesellschaft Heilung zu erzeugen, ist sehr viel größer als die des Arztes, der Klinik oder des Krankenhauses. 	El poder que tiene la comunidad para crear salud es mucho más grande que la de cualquier médico, clínica u hospital. 	Le pouvoir qu'a la communauté de créer la santé est beaucoup plus fort que n'importe quel docteur, clinique ou hôpital. 	Il potere di una comunità di creare salute è molto più grande di qualunque dottore, clinica e ospedale. 	O poder da comunidade para criar saúde é muito maior do que qualquer médico, clínica ou hospital. 	El poder de la comunitat per crear salut és molt més gran que el de qualsevol metge, clínica o hospital.	La potenco de la komunumo por krei sanon estas multe pli granda ol iu ajn kuracisto, kliniko aŭ hospitalo.	Le potentia del communitate de crear sanitate es multo plus grande que illo de qualcunque medico, clinica o hospital. [Mark Hyman]										20
08792	Quotes	Without health, life is not life; it is only a state of languor and suffering - an image of death. [Buddha]	Ohne Gesundheit ist das Leben kein Leben. Es ist nur ein Zustand von Schwäche und Leiden - ein Bild des Todes. 	Sin salud la vida no es vida; es solo un estado de languidez y sufrimiento - una imagen de la muerte. 	Sans la santé, la vie n'est pas la vie; elle n'est qu'un état de langueur et de souffrance: une image de la mort. 	Senza la salute la vita non è vita; è solo uno stato di languore e sofferenza - un'immagine di morte. 	Sem saúde, a vida não é vida; é apenas um estado de langor e sofrimento - uma imagem da morte. 	Sense salut, la vida no és vida; és només un estat de llanguiment i patiment, una imatge de la mort.	Sen sano, la vivo ne estas vivo; ĝi estas nur stato de laceco kaj sufero - bildo de morto.	Sin sanitate, le vita non es vita; illo es solmente un stato de languor e suffrentia - un imagine del morte. [Buddha]										20
08793	Quotes	A good culture in a hospital can absorb and manage a few bad nurses, but once the culture becomes bad in itself, bad nursing practice is much harder to hide. [Jo Brand]	Eine gute Kultur im Krankenhaus kann schlechte Krankenpflege absorbieren und managen, aber sobald die Kultur selbst schlecht wird, wird es schwieriger schlechte Pflege zu verstecken. 	Una buena cultura en un hospital puede absorber y manejar unas pocas malas enfermeras, pero una vez la cultura se vuelve mala en sí misma, es mucho más difícil ocultar las malas prácticas de la enfermería. 	Un hôpital qui a une bonne culture peut absorber et gérer les mauvaises infirmières mais, une fois que la culture devient mauvaise, les pratiques des mauvaises infirmières deviennent plus difficiles à cacher. 	La buona cultura in un ospedale può assorbire e gestire qualche cattivo infermiere, ma se la cultura diventa cattiva, le cattive azioni degli infermieri sono molto più difficili da nascondere. 	Uma boa cultura em um hospital pode absorver e lidar com alguns enfermeiros ruins, mas assim que a cultura em si se torna ruim, práticas ruins de enfermagem se tornam mais difíceis de serem escondidas. 	Una bona cultura en un hospital pot absorbir i gestionar unes poques males infermeres, però un cop la cultura es torna dolenta per si mateixa, la mala pràctica d'infermeria és molt més difícil d'amagar.	Bona kulturo en hospitalo povas absorbi kaj administri kelkajn malbonajn flegistinojn, sed kiam la kulturo mem fariĝas malbona, malbona flegista praktiko estas multe pli malfacile kaŝebla.	Un bon cultura in un hospital pote absorber e gerer alcun mal infirmeras, ma un vice que le cultura deveni mal in se mesme, le mal practica de infirmeria es multo plus difficile a occultar. [Jo Brand]										20
08794	Quotes	Medicine is the restoration of discordant elements; sickness is the discord of the elements infused into the living body. [Leonardo da Vinci]	Die Medizin führt sich entgegengesetzte Elemente wieder zusammen; die Krankheit steht im Gegensatz zu den Elementen, die im lebendigen Körper zu finden sind. 	La medicina es la restauración de elementos discordantes; la enfermedad es la discordia de los elementos infundidos en el cuerpo vivo. 	La médecine restaure les éléments discordants; la maladie est la discorde des éléments imprégnés dans un corps en vie. 	La medicina è il restauro di elementi dissonanti; la malattia è la discordanza di elementi fusi nel corpo vivente. 	A medicina é a restauração de elementos em discórdia; a doença é a discórdia dos elementos impregnados no corpo vivo. 	La medicina és la restauració d'elements discordants; la malaltia és la discòrdia dels elements infosos en el cos viu.	Medicino estas la restarigo de malkonkordaj elementoj; malsano estas la malkonkordo de la elementoj enverŝitaj en la vivantan korpon.	Le medicina es le restauration de elementos discordante; le maladia es le discordia del elementos infundite in le corpore vivente. [Leonardo da Vinci]										20
08795	Quotes	Health is not valued till sickness comes. [Robert Urich]	Die Gesundheit wird nicht geschätzt, bis die Krankheit kommt. 	La salud no se aprecia hasta que llega la enfermedad. 	On ne valorise la santé que lorsqu'on la perd. 	La salute non viene apprezzata finché non arriva la malattia. 	Não damos valor à saúde até a aparição da doença. 	La salut no es valora fins que arriba la malaltia.	Sano ne estas taksata ĝis venas malsano.	Le sanitate non es appreciate usque quando le maladia arriva. [Robert Urich]										20
08796	Quotes	While I thought that I was learning how to live, I have been learning how to die. [Leonardo da Vinci]	Während ich lernte wie man leben soll, lernte ich wie man stirbt. 	Mientras pensaba que estaba aprendiendo a vivir, he aprendido cómo morir. 	Alors que je pensais que j'apprenais à vivre, j'apprends en fait à mourir. 	Quando pensavo di imparare a vivere, stavo imparando a morire. 	Enquanto eu pensava que estava aprendendo a viver, eu estava aprendendo a morrer. 	Mentre pensava que aprenia a viure, he estat aprenent a morir.	Dum mi pensis, ke mi lernas kiel vivi, mi lernis kiel morti.	Durante que io credeva que io apprendeva como viver, io ha apprendite como morir. [Leonardo da Vinci]										20
08797	Quotes	Take care of your body. It's the only place you have to live. [Jim Rohn]	Kümmere dich um deinen Körper. Es ist der einzige Ort in dem du leben musst. 	Cuida de tu cuerpo. Es el único lugar donde tienes que vivir. 	Faites bien attention à votre corps. C'est le seul endroit où vous devez vivre. 	Prenditi cura del tuo corpo. È l'unico posto in cui devi vivere. 	Cuide de seu corpo. É o único lugar que você tem para morar. 	Cuida el teu cos. És l'únic lloc que tens per viure.	Zorgu pri via korpo. Ĝi estas la sola loko, kiun vi havas por vivi.	Cura de tu corpore. Illo es le sol loco ubi tu debe viver. [Jim Rohn]										20
08798	Quotes	Constant attention by a good nurse may be just as important as a major operation by a surgeon. [Dag Hammarskjold]	Die konstante Aufmerksamkeit einer Krankenschwester kann genauso wichtig sein wie eine große Operation durchgeführt von einem Chirurgen. 	La atención constante por una buena enfermera puede ser tan importante como una gran operación por un cirujano.  	Il se peut que l'attention constante d'une bonne infirmière soit aussi importante qu'une grande opération de chirurgien. 	L'attenzione costante di una brava imfermiera può essere tanto importante quanto la grande operazione di un chirurgo. 	A atenção constante de um bom enfermeiro pode ser tão importante quanto uma grande operação de um cirurgião. 	L'atenció constant d'una bona infermera pot ser tan important com una operació major d'un cirurgià.	La konstanta atento de bona flegistino povas esti same grava kiel granda operacio de kirurgo.	Le attention constante per un bon infirmera pote esser si importante como un grande operation per un chirurgo. [Dag Hammarskjold]										20
08799	Quotes	Childhood is a disease - a sickness that you grow out of. [William Golding]	Kindheit ist eine Krankheit - eine Krankheit aus der man rauswächst. 	La infancia es una enfermedad - un mal que dejamos atrás con el tiempo.   	L'enfance est une maladie... un mal que l'on finit par dépasser. 	L'infanzia è una malattia... una malattia che ti passerà. 	A infância é uma doença - um mal que, em tempo, deixamos pra trás.  	La infància és una malaltia, una malaltia que es cura amb el temps.	Infanaĝo estas malsano - malsano, el kiu oni elkreskas.	Le infantia es un morbo - un maladia que nos supera con le tempore. [William Golding]										20
08800	Quotes	In Turkey, you're not allowed to be left alone in the hospital. The nurse teaches the family how to do things, and somebody is always there with the patient. [Mehmet Oz]	In der Türkei darf man dich nicht alleine lassen. Die Krankenschwester bringt der Familie bei, wie man etwas macht und jemand bleibt immer beim Patienten. 	En Turquía, usted no puede estar solo en el hospital. La enfermera le enseña a la familia como hacer las cosas, y siempre hay alguien ahí con el paciente. 	En Turquie, on ne vous laisse pas seul dans l'hôpital. L'infirmière apprend à la famille comment faire les choses et il y a toujours quelqu'un avec le patient. 	In Turchia, non ti è permesso di rimanere solo in un ospedale. L'infermiera insegna alla famiglia come fare le cose, e c'è sempre qualcuno con il paziente. 	Na Turquia, você não pode ser deixado sozinho no hospital. A enfermeira ensina a família a fazer as coisas,  e alguém sempre acompanha o paciente. 	A Turquia, no et poden deixar sol a l'hospital. La infermera ensenya a la família com fer les coses, i sempre hi ha algú amb el pacient.	En Turkio, oni ne rajtas lasi vin sola en la hospitalo. La flegistino instruas la familion kiel fari aferojn, kaj iu ĉiam estas tie kun la paciento.	In Turkia, on non ha le permission de esser sol in le hospital. Le infirmera insenia al familia como facer le cosas, e alicuno es sempre ibi con le patiente. [Mehmet Oz]										20
08801	Quotes	Someone has to die in order that the rest of us should value life more. [Virginia Woolf]	Irgendjemand muss sterben, damit der Rest von uns das Leben mehr wertschätzt. 	Alguien tiene que morir para que los demás sepamos apreciar la vida. 	Il faut que quelqu'un meure pour que le reste d'entre nous accordions plus d'importance à la vie. 	Deve morire qualcuno perché gli altri diano più valore alla vita. 	Alguém deve morrer para que o resto de nós dê mais valor à vida. 	Algú ha de morir perquè la resta de nosaltres valorem més la vida.	Iu devas morti por ke la ceteraj el ni pli valorigos la vivon.	Alcuno debe morir a fin que le resto de nos apprecia plus le vita. [Virginia Woolf]										20
08802	Quotes	The first duty of the physician is to educate the masses not to take medicine. [William Osler]	Die wichtigste Pflicht eines Arztes ist es, den Massen beizubringen keine Medizin zu nehmen. 	Uno de los primeros deberes del médico es educar a las masas a no tomar medicamentos. 	Le premier devoir d'un docteur est d'apprendre aux masses à ne pas prendre de médicaments. 	Il primo dovere di un dottore è di insegnare alle masse a non prendere medicine. 	A primeira obrigação de um médico é ensinar as massas a não tomar remédios. 	El primer deure del metge és educar les masses a no prendre medicaments.	La unua devo de la kuracisto estas eduki la amasojn ne preni medikamentojn.	Le prime deber del medico es educar le massas a non prender medicina. [William Osler]										20
08803	Quotes	Panic plays no part in the training of a nurse. [Elizabeth Kenny]	Panik gehört nicht zur Ausbildung einer Krankenschwester. 	El pánico no juega ningún papel en el entrenamiento de una enfermera. 	Il n'y a aucune place pour la panique dans la formation d'une infirmière. 	Il panico non ha alcun ruolo nell'addestramento di un'infermiera.	Não há lugar para o pânico no treinamento de uma enfermeira. 	El pànic no forma part de la formació d'una infermera.	Paniko ne ludas rolon en la trejnado de flegistino.	Panico non joca alcun rolo in le trainamento de un infirmera. [Elizabeth Kenny]										20
08804	Quotes	A physician is obligated to consider more than a diseased organ, more even than the whole man - he must view the man in his world. [Harvey Cushing]	Ein Arzt muss mehr berücksichtigen als nur das kranke Organ, sogar mehr als den ganzen Menschen - er muss den Menschen in seiner Welt sehen. 	Un médico tiene la obligación de considerar más que un órgano enfermo, más incluso que el hombre entero - él debe ver el hombre en su mundo. 	Un médecin se doit de prendre en compte plus qu'un organe malade, encore plus même que l'homme entier: il doit prendre en compte l'homme dans son monde. 	Un medico deve prendere in considerazione più di un organo malato, anche più di un uomo intero: deve guardare l'uomo nel suo mondo. 	Um médico deve enxergar mais do que um órgão doente, mais do que um homem em sua totalidade: ele deve enxergar o homem em seu próprio universo.  	Un metge està obligat a considerar més que un òrgan malalt, fins i tot més que l'home sencer; ha de veure l'home en el seu món.	Kuracisto estas devigata konsideri pli ol malsanan organon, eĉ pli ol la tutan homon - li devas vidi la homon en lia mondo.	Un medico es obligate a considerar plus que un organo malade, plus mesmo que le homine integre - ille debe vider le homine in su mundo. [Harvey Cushing]										20
08805	Quotes	The aim of medicine is to prevent disease and prolong life; the ideal of medicine is to eliminate the need of a physician. [William J. Mayo]	Ziel einer Medizin ist es Krankheiten zu vermeiden und das Leben zu verlängern. Das Ideal einer Medizin ist es zu verhindern, dass man einen Arzt benötigt. 	El objetivo de la medicina es prevenir la enfermedad y prolongar la vida, el ideal de la medicina es eliminar la necesidad de un médico. 	Le but de la médecine est d'empêcher la maladie et de prolonger la vie; l'idéal de la médecine est d'éliminer le besoin de voir un docteur. 	Lo scopo della medicina è prevenire la malattia e prolungare la vita, l'ideale della medicina è eliminare il bisogno di un dottore. 	O objetivo da medicina é a prevenção de doenças e o prolongamento da vida; o ideal da medicina é a eliminação da necessidade de um médico. 	L'objectiu de la medicina és prevenir la malaltia i perllongar la vida; l'ideal de la medicina és eliminar la necessitat d'un metge.	La celo de medicino estas preventi malsanon kaj plilongigi la vivon; la idealo de medicino estas forigi la bezonon de kuracisto.	Le scopo del medicina es prevenir morbo e prolongar le vita; le ideal del medicina es eliminar le necessitate de un medico. [William J. Mayo]										20
08806	Quotes	The patient's autonomy always, always should be respected, even if it is absolutely contrary - the decision is contrary to best medical advice and what the physician wants. [Jack Kevorkian]	Die Autonomie eines Patienten muss immer respektiert werden, auch wenn es komplett gegensätzlich ist - die Entscheidung widerspricht dem besten medizinischen Rat und dem, was der Arzt will. 	La autonomía del paciente siempre, siempre se debe respetar, incluso cuando es absolutamente contraria - la decisión es contraria a los mejores consejos médicos y lo que quiere el doctor. 	L'autonomie du patient devrait toujours, toujours être respectée même si elle va à l'encontre... la décision va à l'encontre du meilleur avis médical et de ce que souhaite le docteur. 	Bisogna sempre, sempre rispettare l'autonomia del paziente, anche se è assolutamente contraria - anche se la decisione è contraria del miglior consiglio medico e a ciò che vuole il dottore. [Jack Kevorkian	A autonomia do paciente deve ser sempre respeitada, mesmo se ela é absolutamente contrária  contrária aos melhores conselhos médicos e àquilo que deseja o médico. 	L'autonomia del pacient sempre, sempre s'ha de respectar, encara que sigui absolutament contrària; la decisió és contrària al millor consell mèdic i al que el metge vol.	La aŭtonomio de la paciento ĉiam, ĉiam devas esti respektata, eĉ se ĝi estas absolute kontraŭa - la decido estas kontraŭa al la plej bona medicina konsilo kaj al tio, kion la kuracisto volas.	Le autonomia del patiente sempre, sempre debe esser respectate, mesmo si illo es absolutemente contrari — le decision es contrari al melior consilios medic e a lo que le medico vole. [Jack Kevorkian]										20
08807	Quotes	Never go to a doctor whose office plants have died. [Erma Bombeck]	Gehen Sie niemals zu einem Arzt, dessen Pflanzen in seiner Praxis eingegangen sind. 	Nunca vayas a donde un médico en cuya oficina las plantas hayan muerto. 	Ne consultez jamais un docteur dont les plantes d'intérieur sont mortes. 	Non andate mai da un dottore le cui piante dello studio sono morte. 	Nunca vá a um consultório médico em que as plantas estejam mortas. 	No vagis mai a un metge les plantes del qual han mort a la consulta.	Neniam iru al kuracisto, kies oficejaj plantoj mortis.	Nunquam va a un medico cuje plantas de officio ha morite. [Erma Bombeck]										20
08808	Quotes	He is the best physician who is the most ingenious inspirer of hope. [Samuel Taylor Coleridge]	Der beste Arzt ist derjenige, der die Hoffnung raffiniert inspiriert. 	El mejor médico es aquel que es el más ingenioso en inspirar la esperanza. 	Le meilleur médecin est celui qui est le porteur d'espoir le plus ingénieux. 	Il miglior medico è quello che con più abilità sa infondere la speranza. 	O melhor médico é aquele que for mais engenhoso em inspirar a esperança. 	El millor metge és el que és l'inspirador d'esperança més enginyós.	Li estas la plej bona kuracisto, kiu estas la plej sprita inspiranto de espero.	Ille es le melior medico qui es le plus ingeniose inspirator de sperantia. [Samuel Taylor Coleridge]										20
08809	Quotes	Time is generally the best doctor. 	Die Zeit ist normalerweise der beste Arzt. 	El tiempo es generalmente el mejor médico. 	Le temps est en général le meilleur médecin. 	Il tempo è in generale il miglior medico. 	O tempo é geralmente o melhor médico. 	El temps és generalment el millor metge.	Tempo estas ĝenerale la plej bona kuracisto.	Le tempore es generalmente le melior medico.										20
08810	Quotes	The emotional, sexual, and psychological stereotyping of females begins when the doctor says: It's a girl. [Shirley Chisholm]	Der emotionale, sexuelle und psychologische weibliche Stereotyp beginnt dann, wenn der Arzt sagt: Es ist ein Mädchen. 	La estereotipación emocional, sexual, y psicológica de las mujeres comienza cuando el médico dice: Es una niña. 	On stéréotype les femmes de façon émotionnelle, sexuelle et psychologique dès que le docteur dit: «C'est une fille». 	La definizione dello stereotipo emotivo, sessuale e psicologico delle donne inizia quando il dottore dice: È una bambina. 	A estereotipização emocional, sexual e psicológica das mulheres começa quando o médico anuncia: é uma menina.  	L'estereotip emocional, sexual i psicològic de les dones comença quan el metge diu: És una nena.	La emocia, seksa kaj psikologia stereotipado de inoj komenciĝas kiam la kuracisto diras: Estas knabino.	Le stereotypia emotional, sexual e psychologic del feminas comencia quando le medico dice: Es un puera. [Shirley Chisholm]										20
08811	Quotes	The trick is growing up without growing old. [Casey Stengel]	Das Ziel ist es groß zu werden ohne alt zu werden. 	El truco está en crecer sin envejecer. 	L'astuce est de grandir sans vieillir. 	Il trucco sta nel diventare grandi senza diventare vecchi. 	O truque é crescer sem envelhecer. 	El truc és fer-se gran sense envellir.	La ruzo estas kreski sen maljuniĝi.	Le astutia es crescer sin devenir vetule. [Casey Stengel]										20
08812	Quotes	The art of medicine consists in amusing the patient while nature cures the disease. [Voltaire]	Die Kunst der Medizin besteht darin den Patienten zu unterhalten, während die Natur die Krankheit heilt. 	El arte de la medicina consiste en entretener al paciente mientras la naturaleza cura la enferemdad. 	L'art de la médecine consiste à amuser le patient tandis que la nature guérit la maladie. 	L'arte della medicina consiste nel divertire il paziente mentre la natura cura la malattia. 	A arte da medicina consiste em entreter o paciente enquanto a natureza cuida da doença. 	L'art de la medicina consisteix a entretenir el pacient mentre la natura cura la malaltia.	La arto de medicino konsistas en amuzi la pacienton dum la naturo sanigas la malsanon.	Le arte del medicina consiste in diverter le patiente durante que le natura cura le maladia. [Voltaire]										20
08813	Quotes	Find a place inside where there's joy, and the joy will burn out the pain. [Joseph Campbell]	Finde einen Ort im Inneren, in dem Freude ist und diese Freude wird den Schmerz zerstören. 	Encuentra un lugar interior donde hay felicidad y la felicidad extinguirá el dolor. 	Trouvez un endroit à l'intérieur de vous où il y a de la joie et la joie anéantira la douleur. 	Trova un posto dentro di te in cui c'è gioia e la gioia spegnerà il dolore. 	Encontre um lugar onde haja felicidade, e a felicidade irá curar a dor. 	Troba un lloc a dins teu on hi hagi alegria, i l'alegria cremarà el dolor.	Trovu lokon interne, kie estas ĝojo, kaj la ĝojo forbruligos la doloron.	Trova un loco interior ubi il ha gaudio, e le gaudio extinguera le dolor. [Joseph Campbell]										20
08814	Quotes	We shall never know all the good that a simple smile can do. [Mother Teresa]	Wir werden niemals erfahren wie viel Gutes ein einfaches Lächeln bewirken kann. 	Nunca sabremos todo el bien que una simple sonrisa puede hacer. 	Nous ne saurons jamais tout le bien qu'un simple sourire peut accomplir. 	Non sapremo mai tutto il bene che un semplice sorriso può fare. 	Nunca saberemos quanto um simples sorriso pode fazer bem. 	No sabrem mai tot el bé que un simple somriure pot fer.	Ni neniam scios la tutan bonon, kiun simpla rideto povas fari.	Nos non sapera jammais tote le ben que un simple surriso pote facer. [Matre Teresa]										20
08815	Quotes	Healing takes courage, and we all have courage, even if we have to dig a little to find it. [Tori Amos]	Heilung braucht Mut und wir alle haben Mut, auch wenn wir etwas tiefer graben müssen, um ihn zu finden. 	Sanar requiere valor, y todos tenemos valor, incluso si tenemos que escarbar un poco para encontrarlo. 	Il faut du courage pour guérir et nous avons tous du courage, même s'il faut creuser un peu pour le trouver. 	Ci vuole coraggio per guarire, e noi tutti abbiamo coraggio, anche se dobbiamo scavare un po' per trovarlo. 	A cura pede coragem, e todos temos coragem, ainda que tenhamos que cavar um pouco para encontrá-la. 	Guarir requereix coratge, i tots tenim coratge, encara que haguem de cavar una mica per trobar-lo.	Resanigo postulas kuraĝon, kaj ni ĉiuj havas kuraĝon, eĉ se ni devas fosi iomete por trovi ĝin.	Le curation require corage, e nos omnes ha corage, mesmo si nos debe cavar un poco pro trovar lo. [Tori Amos]										20
08816	Quotes	The best doctor in the world is the veterinarian. He can't ask his patients what is the matter-he's got to just know. [Will Rogers]	Der beste Arzt auf der Welt ist der Tierarzt. Er kann die Patienten nicht fragen was das Problem ist - er muss es einfach wissen. 	El mejor médico del mundo es el veterinario. Él no puede preguntarle a sus pacientes qué les pasa - simplemente lo tiene que saber. 	Le vétérinaire est le meilleur docteur au monde. Il ne peut pas demander à ses patients ce qui ne va pas...il faut juste qu'il le sache. 	Il veterinario è il dottore migliore del mondo. Non può chiedere ai suoi pazienti qual è il problema... devo solo saperlo. 	O melhor médico do mundo é o veterinário. Ele não pode perguntar aos pacientes qual é o problema: ele simplesmente deve saber. 	El millor metge del món és el veterinari. No pot preguntar als seus pacients què els passa, simplement ho ha de saber.	La plej bona kuracisto en la mondo estas la bestokuracisto. Li ne povas demandi al siaj pacientoj kio estas la problemo—li devas simple scii.	Le melior medico del mundo es le veterinario. Ille non pote demandar a su patientes qual es le problema; ille debe simplemente saper lo. [Will Rogers]										20
08817	Quotes	Age is an issue of mind over matter. If you don't mind, it doesn't matter. [Mark Twain]	Altern ist eine Frage des Geistes über die Materie. Wenn es Ihnen nichts ausmacht, spielt es keine Rolle.  	La edad es un tema de la mente sobre la materia. Si no te importa, no importa. 	Vieillir est une question de balance et de poids. Si on s'en balance, l'âge ne fait pas le poids. 	L'età è una questione di pensiero e sostanza; se non te ne dai pensiero, non ha sostanza. 	A idade é uma questão de mente sobre a matéria. Se você não se importa, não tem importância. 	L'edat és una qüestió de ment sobre matèria. Si no t'importa, no importa.	Aĝo estas afero de menso super materio. Se vi ne zorgas, ĝi ne gravas.	Le etate es un question de mente super materia. Si illo non te importa, illo non importa. [Mark Twain]										20
08818	Quotes	General anesthesia is so weird. You go to sleep in one room, then wake up four hours later in a totally different room. Just like in college. [Ross Shafer]	Die Allgemeinanästhesie ist so komisch. Du schläfst in einem Zimmer ein und wachst vier Stunden später in einem komplett anderen auf. So wie in der Universität. 	La anestesia general es muy extraña. Te duermes en un cuarto y luego a las cuatro horas te despiertas en otro totalmente diferente. Así como en la universidad. 	L'anesthésie générale est vraiment bizarre. On s'endort dans une chambre puis on se réveille dans une chambre complètement différente. C'est comme dans un campus universitaire. 	L'anestesia generale è davvero strana. Ti addormenti in una stanza, poi ti svegli quattro ore dopo in una camera del tutto diversa. Proprio come in un campus universitario. 	A anestesia geral é tão estranha. Você adormece em um quarto, e então acorda quatro horas depois em um quarto completamente diferente. Como na faculdade. 	L'anestèsia general és tan estranya. T'adorms en una habitació i et despertes quatre hores més tard en una habitació totalment diferent. Com a la universitat.	Ĝenerala anestezo estas tiel stranga. Vi endormiĝas en unu ĉambro, poste vekiĝas kvar horojn poste en tute alia ĉambro. Same kiel en universitato.	Le anesthesia general es multo bizarre. Tu te addormi in un camera, pois te evelia quatro horas plus tarde in un camera totalmente differente. Exactemente como al universitate. [Ross Shafer]										20
08819	Quotes	My doctor gave me two weeks to live. I hope they're in August. [Ronnie Shakes]	Mein Arzt hat mir zwei Wochen zum Leben gegeben. Ich hoffe Sie sind im August. 	Mi doctor me dió dos semanas para vivir. Espero que sean en agosto. 	Mon docteur m'a donné deux semaines à vivre. J'espère qu'elles auront lieu en août. 	Il mio dottore mi ha dato due settimane di vita. Spero siano ad agosto. 	Meu médico me deu duas semanas de vida. Espero que sejam em agosto. (verão no hemisfério norte) 	El meu metge em va donar dues setmanes de vida. Espero que siguin a l'agost.	Mia kuracisto donis al mi du semajnojn por vivi. Mi esperas, ke ili estas en aŭgusto.	Mi doctor me dava duo septimanas a viver. Io spera que illas es in augusto. [Ronnie Shakes]										20
08820	Quotes	I once heard a joke about amnesia, but I forgot how it goes.	Ich habe einmal einen Witz über Amnesie gehört, aber ich habe vergessen wie der ging.	Una vez escuché un chiste sobre la amnesia, pero se me olvido como era. 	Dans le temps, j'ai entendu une blague sur l'amnésie, mais je l'ai oubliée.	Una volta ho sentito una barzelletta sull'amnesia, ma ho dimenticato come fa.	Uma vez ouvi uma piada sobre amnésia, mas não me lembro como era.	Un cop vaig sentir un acudit sobre l'amnèsia, però vaig oblidar com anava.	Mi iam aŭdis ŝercon pri amnezio, sed mi forgesis kiel ĝi iris.	Io audiva un vice un joco super amnesia, sed io oblidava como illo va.										20
08821	Quotes	I was arrested after my therapist suggested I take something for my kleptomania.	Ich wurde verhaftet, nachdem mein Arzt mir empfohlen hatte etwas gegen meine Kleptomanie zu nehmen.	Fui arrestado después de que mi terapeuta sugirió que tomara algo para mi cleptomanía.	Mon thérapeute a suggéré que je prenne quelque chose pour traiter ma kleptomanie. C'est après ça que j'ai été arrêté.	Mi hanno arrestato dopo che il mio terapista mi ha suggerito di prendere qualcosa per la mia cleptomania.	Meu terapeuta sugeriu que eu tomasse algo para a minha cleptomania. Foi aí que eu fui preso...	Em van arrestar després que el meu terapeuta em suggerís que prengués alguna cosa per a la meva cleptomania.	Mi estis arestita post kiam mia terapiisto sugestis, ke mi prenu ion por mia kleptomanio.	Io esseva arrestate post que mi therapeuta suggereva que io prende qualcosa pro mi cleptomania.										20
08822	Quotes	Nurse: 'Doctor, Doctor! The man you've just treated collapsed in the lobby! What should I do?' Doctor: 'Turn him around so it looks like he was just arriving!'	Krankenschwester: «Herr Doktor, Herr Doktor! Der Mann, den Sie grade behandelt haben, ist soeben in der Lobby zusammengebrochen! Was soll ich tun?» Arzt: «Drehen Sie ihn um, damit es so aussieht, als ob er gerade erst gekommen wäre.»	Enfermera: '¡Doctor, Doctor! ¡El hombre que usted acaba de tratar se desmayó en el vestíbulo! ¿Qué hago?' Doctor: '¡Darle la vuelta para que parezca que estaba llegando!'	Infirmière: «Docteur, docteur, le monsieur que vous venez de traiter vient de s'effondrer à l'entrée. Que dois-je faire?»  Docteur: «Retournez-le, comme ça, on aura l'impression qu'il venait juste d'arriver».	Infermiere: - Dottore, dottore! L'uomo che ha appena curato è svenuto all'ingresso! Cosa devo fare? Dottore: - Lo giri, così sembrerà che è appena arrivato!	Enfermeira: - Doutor, doutor! O homem que você acabou de tratar está caído na recepção. O que faço? - Vire-o de lado para que pareça que ele acabou de chegar!	Infermera: 'Doctor, doctor! L'home que acaba de tractar s'ha desmaiat al vestíbul! Què haig de fer?' Doctor: 'Giri'l perquè sembli que acaba d'arribar!'	Flegistino: 'Doktoro, Doktoro! La viro, kiun vi ĵus traktis, kolapsis en la vestiblo! Kion mi faru?' Doktoro: 'Turnu lin tiel, ke aspektu kvazaŭ li ĵus alvenis!'	Infirmera: 'Doctor, Doctor! Le homine que vos justo ha tractate collabeva in le vestibulo! Que debe io facer?' Doctor: 'Gira le, assi que il pare que ille justo arrivava!'										20
08823	Quotes	Doctor, don't cut so hard! This is the third operation table you scratched up this month!	Herr Doktor, bitte schneiden Sie nicht mit so viel Kraft! Das ist der dritte Operationstisch, den Sie diesen Monat zerkratzt haben!	Doctor, ¡no corte tan duro! ¡Esta es la tercera mesa de cirugía que usted raya este mes!	Docteur, ne coupez pas si fort: c'est la troisième table d'opération que vous rayez ce mois-ci !	Dottore non tagli così forte! Questo è il terzo tavolo operatorio che graffia, questo mese! 	Doutor, não corte tão forte assim! É a terceira mesa de operação que o senhor arranha neste mês!	Doctor, no talli tan fort! Aquesta és la tercera taula d'operacions que ratlla aquest mes!	Doktoro, ne tranĉu tiel forte! Ĉi tiu estas la tria operacia tablo, kiun vi gratis ĉi-monate!	Doctor, non seca tanto forte! Isto es le tertie tabula operatori que vos ha grattate iste mense!										20
08824	Quotes	Doctor to patient: «You’re very sick; I like that in a patient.»	Der Arzt zum Patienten: «Sie sind sehr krank; das gefällt mir bei einem Patienten.»	Doctor al paciente, «Estas muy enfermo; me gusta eso en un paciente.»	Le docteur à sa patiente: «Vous êtes très malade, ça me plaît chez une patiente».	Il dottore al paziente: - Lei è molto malato, è una cosa che mi piace in un paziente.	Doutor: - «Você está muito doente; eu gosto disso num paciente.»	Metge al pacient: «Està molt malalt; això m'agrada en un pacient.»	Kuracisto al paciento: «Vi estas tre malsana; tion mi ŝatas en paciento.»	Doctor al patiente: «Vos es multo malade; io ama isto in un patiente.»										20
08825	Quotes	Had a blood test the other day, it took a lot out of me.	Ich habe letztens einen Bluttest machen lassen, der hat mich leer gemacht.	Me hicieron un examen de sangre el otro día, me agoto por completo. 	On m'a fait un test sanguin l'autre jour, ça m'a vidé.	Ho fatto le analisi del sangue l'altro giorno, mi ha proprio svuotato.	Fiz um exame de sangue outro dia, minha energia foi literalmente sugada.	L'altre dia em van fer una anàlisi de sang, em va deixar esgotat.	Mi havis sangoteston la alian tagon, ĝi multe elprenis el mi.	Io habeva un analyse de sanguine le altere die; illo extraheva multo de me.										20
08826	Quotes	A doctor finishes examining a patient and can't find any reason to explain his pain. He says to the patient, «I can't find a reason for your pain. I think it's because of the alcohol.» «In that case,» the patient says, «I think I'll come back once you sober up.»	Ein Arzt beendet die Untersuchung eines Patienten und kann keinen Grund für seine Schmerzen finden. er sagt zum Patienten: «Ich kann keinen Grund für Ihre Schmerzen finden. Ich glaube es liegt am Alkohol.» «Wenn es so ist», sagt der Patient, «dann komme ich wieder wenn Sie wieder nüchtern sind.»	Un médico termina de examinar un paciente y no encuentra nada que explique su dolor. Le dice al paciente, «No encuentro una razón para explicar su dolor. Creo es por el alcohol.» «En ese caso,» dice el paciente, «creo que regresaré cuando usted esté sobrio.»	Un docteur finit d'ausculter un patient et ne trouva aucune cause particulière pour expliquer sa douleur. Il dit au patient: «Je ne trouve pas la cause de votre douleur. Je crois que c'est dû à l'alcool.» «Dans ce cas, dit le patient, je reviendrai quand vous aurez dessoulé.»	Un dottore finisce di visitare un paziente e non trova nulla che spieghi il suo dolore. Dice al paziente: - Non trovo una causa per il suo dolore. Penso sia colpa dell'alcol.  - In quel caso, risponde il paziente, credo che tornerò quando sarà tornato sobrio.	O médico termina de examinar o paciente e não encontra nenhuma explicação para as dores. Ele então diz ao paciente: - Não encontro nenhuma explicação para a sua dor. Acho que deve ser por causa do álcool. - Neste caso - diz o paciente, - Acho que vou voltar quando o senhor estiver sóbrio.	Un metge acaba d'examinar un pacient i no troba cap motiu que expliqui el seu dolor. Li diu al pacient: «No trobo un motiu per al seu dolor. Crec que és per l'alcohol». «En aquest cas», diu el pacient, «crec que tornaré quan vostè estigui sobri».	Kuracisto finas ekzameni pacienton kaj ne povas trovi kialon por klarigi lian doloron. Li diras al la paciento, «Mi ne povas trovi kialon por via doloro. Mi pensas, ke estas pro la alkoholo.» «En tiu kazo,» la paciento diras, «mi pensas, ke mi revenos kiam vi estos sobra.»	Un medico fini de examinar un patiente e non pote trovar ulle ration que explica su dolor. Ille dice al patiente: «Io non pote trovar un ration pro vostre dolor. Io pensa que illo es a causa del alcohol.» «In ille caso,» dice le patiente, «io pensa que io retornara quando vos essera sobrie.»										20
08827	Quotes	The optometrist ran for mayor because he was a visionary.	Der Optiker hat sich als Kandidat bei der Bürgermeisterwahl aufstellen lassen, weil er ein Visionär ist.	El oculista se postuló para alcalde porque era un visionario. 	L'optométriste a posé sa candidature pour devenir maire parce qu'il était visionnaire.	L'optometrista era candidato a sindaco perché era un visionario.	O oftalmologista se candidatou à prefeitura pois era um visionário. 	L'optometrista es va presentar a alcalde perquè era un visionari.	La optometriisto kandidatiĝis por urbestro ĉar li estis viziulo.	Le oculista se presentava como candidato a burgomaestro perque ille esseva un visionario.										20
